Image name,Genre
102517_0.jpg,Comedy
102517_1.jpg,Comedy
102517_2.jpg,Comedy
104670_0.jpg,Comedy
104670_1.jpg,Comedy
104670_2.jpg,Comedy
104926_0.jpg,Comedy
104926_1.jpg,Comedy
104926_2.jpg,Comedy
109067_0.jpg,Comedy
109067_1.jpg,Comedy
109067_2.jpg,Comedy
111094_0.jpg,Comedy
115851_0.jpg,Comedy
115851_1.jpg,Comedy
115851_2.jpg,Comedy
116165_0.jpg,Comedy
116165_1.jpg,Comedy
116165_2.jpg,Comedy
116168_0.jpg,Comedy
116168_1.jpg,Comedy
116168_2.jpg,Comedy
116778_0.jpg,Comedy
116778_1.jpg,Comedy
116778_2.jpg,Comedy
118764_0.jpg,Comedy
120484_0.jpg,Comedy
120484_1.jpg,Comedy
120484_2.jpg,Comedy
120742_0.jpg,Comedy
120742_1.jpg,Comedy
120742_2.jpg,Comedy
120765_0.jpg,Comedy
120767_0.jpg,Comedy
131857_0.jpg,Comedy
131857_1.jpg,Comedy
131857_2.jpg,Comedy
134618_0.jpg,Comedy
140796_0.jpg,Comedy
140796_1.jpg,Comedy
140796_2.jpg,Comedy
15841_0.jpg,Comedy
15841_1.jpg,Comedy
15841_2.jpg,Comedy
165384_0.jpg,Comedy
165384_1.jpg,Comedy
165384_2.jpg,Comedy
191397_0.jpg,Comedy
191397_1.jpg,Comedy
191397_2.jpg,Comedy
196857_0.jpg,Comedy
201840_0.jpg,Comedy
201840_1.jpg,Comedy
201840_2.jpg,Comedy
204946_0.jpg,Comedy
204946_1.jpg,Comedy
204946_2.jpg,Comedy
217756_0.jpg,Comedy
217756_1.jpg,Comedy
217756_2.jpg,Comedy
253798_0.jpg,Comedy
253798_1.jpg,Comedy
253798_2.jpg,Comedy
261552_0.jpg,Comedy
261552_1.jpg,Comedy
261552_2.jpg,Comedy
263957_0.jpg,Comedy
273982_0.jpg,Comedy
28772_0.jpg,Comedy
28772_1.jpg,Comedy
28772_2.jpg,Comedy
334965_0.jpg,Comedy
334965_1.jpg,Comedy
334965_2.jpg,Comedy
337879_0.jpg,Comedy
338077_0.jpg,Comedy
338077_1.jpg,Comedy
338077_2.jpg,Comedy
360201_0.jpg,Comedy
360201_1.jpg,Comedy
360201_2.jpg,Comedy
364725_0.jpg,Comedy
364725_1.jpg,Comedy
364725_2.jpg,Comedy
384488_0.jpg,Comedy
398165_0.jpg,Comedy
398165_1.jpg,Comedy
398165_2.jpg,Comedy
41514_0.jpg,Comedy
41514_1.jpg,Comedy
41514_2.jpg,Comedy
45012_0.jpg,Comedy
45012_1.jpg,Comedy
45012_2.jpg,Comedy
64603_0.jpg,Comedy
64603_1.jpg,Comedy
64603_2.jpg,Comedy
68364_0.jpg,Comedy
68364_1.jpg,Comedy
68364_2.jpg,Comedy
74599_0.jpg,Comedy
74599_1.jpg,Comedy
74599_2.jpg,Comedy
76723_0.jpg,Comedy
80487_0.jpg,Comedy
80487_1.jpg,Comedy
80487_2.jpg,Comedy
82136_0.jpg,Comedy
82136_1.jpg,Comedy
82136_2.jpg,Comedy
83580_0.jpg,Comedy
83580_1.jpg,Comedy
83580_2.jpg,Comedy
84690_0.jpg,Comedy
87425_0.jpg,Comedy
87425_1.jpg,Comedy
87425_2.jpg,Comedy
90685_0.jpg,Comedy
90685_1.jpg,Comedy
90685_2.jpg,Comedy
92214_0.jpg,Comedy
92214_1.jpg,Comedy
92214_2.jpg,Comedy
94812_0.jpg,Comedy
94812_1.jpg,Comedy
94812_2.jpg,Comedy
94824_0.jpg,Comedy
101524_0.jpg,Drama
103036_0.jpg,Drama
105824_0.jpg,Drama
107889_0.jpg,Drama
108002_0.jpg,Drama
109021_0.jpg,Drama
109305_0.jpg,Drama
109450_0.jpg,Drama
111094_0.jpg,Drama
116767_0.jpg,Drama
117784_0.jpg,Drama
118764_0.jpg,Drama
119934_0.jpg,Drama
120659_0.jpg,Drama
120765_0.jpg,Drama
120767_0.jpg,Drama
126916_0.jpg,Drama
132245_0.jpg,Drama
134618_0.jpg,Drama
140282_0.jpg,Drama
146838_0.jpg,Drama
156460_0.jpg,Drama
174856_0.jpg,Drama
180734_0.jpg,Drama
181733_0.jpg,Drama
18328_0.jpg,Drama
193854_0.jpg,Drama
196857_0.jpg,Drama
199725_0.jpg,Drama
206113_0.jpg,Drama
210075_0.jpg,Drama
210945_0.jpg,Drama
248667_0.jpg,Drama
260695_0.jpg,Drama
262462_0.jpg,Drama
263957_0.jpg,Drama
265662_0.jpg,Drama
273982_0.jpg,Drama
277895_0.jpg,Drama
300532_0.jpg,Drama
316465_0.jpg,Drama
329575_0.jpg,Drama
337879_0.jpg,Drama
352248_0.jpg,Drama
354595_0.jpg,Drama
355702_0.jpg,Drama
37120_0.jpg,Drama
384488_0.jpg,Drama
385705_0.jpg,Drama
390022_0.jpg,Drama
39204_0.jpg,Drama
393162_0.jpg,Drama
40142_0.jpg,Drama
405159_0.jpg,Drama
49291_0.jpg,Drama
54248_0.jpg,Drama
57578_0.jpg,Drama
60472_0.jpg,Drama
65797_0.jpg,Drama
68315_0.jpg,Drama
75148_0.jpg,Drama
76723_0.jpg,Drama
79709_0.jpg,Drama
79817_0.jpg,Drama
83284_0.jpg,Drama
84602_0.jpg,Drama
84690_0.jpg,Drama
85154_0.jpg,Drama
87781_0.jpg,Drama
90270_0.jpg,Drama
91217_0.jpg,Drama
92272_0.jpg,Drama
93692_0.jpg,Drama
95082_0.jpg,Drama
95119_0.jpg,Drama
95250_0.jpg,Drama
96171_0.jpg,Drama
96913_0.jpg,Drama
99371_0.jpg,Drama
105150_0.jpg,Drama
87428_0.jpg,Drama
28944_0.jpg,Drama
88184_0.jpg,Drama
105729_0.jpg,Drama
57427_0.jpg,Drama
342167_0.jpg,Drama
111488_0.jpg,Drama
318374_0.jpg,Drama
97940_0.jpg,Drama
84821_0.jpg,Drama
61758_0.jpg,Drama
407936_0.jpg,Drama
112777_0.jpg,Drama
80855_0.jpg,Drama
75675_0.jpg,Drama
50585_0.jpg,Drama
99703_0.jpg,Drama
210567_0.jpg,Drama
84549_0.jpg,Drama
401233_0.jpg,Drama
210382_0.jpg,Drama
250347_0.jpg,Drama
116830_0.jpg,Drama
37630_0.jpg,Drama
143874_0.jpg,Drama
104257_0.jpg,Drama
340012_0.jpg,Drama
216165_0.jpg,Drama
112619_0.jpg,Drama
114007_0.jpg,Drama
99018_0.jpg,Drama
306097_0.jpg,Drama
58576_0.jpg,Drama
61781_0.jpg,Drama
123209_0.jpg,Drama
29850_0.jpg,Drama
80539_0.jpg,Drama
294357_0.jpg,Drama
108220_0.jpg,Drama
107798_0.jpg,Drama
115472_0.jpg,Drama
33021_0.jpg,Drama
119174_0.jpg,Drama
387914_0.jpg,Drama
89420_0.jpg,Drama
386792_0.jpg,Drama
116594_0.jpg,Drama
102202_0.jpg,Action
102202_1.jpg,Action
102202_2.jpg,Action
105824_0.jpg,Action
107889_0.jpg,Action
112536_0.jpg,Action
112536_1.jpg,Action
112536_2.jpg,Action
132245_0.jpg,Action
140282_0.jpg,Action
246894_0.jpg,Action
246894_1.jpg,Action
246894_2.jpg,Action
262462_0.jpg,Action
390022_0.jpg,Action
73631_0.jpg,Action
73631_1.jpg,Action
73631_2.jpg,Action
82136_0.jpg,Action
82136_1.jpg,Action
82136_2.jpg,Action
83284_0.jpg,Action
93692_0.jpg,Action
96913_0.jpg,Action
97659_0.jpg,Action
97659_1.jpg,Action
97659_2.jpg,Action
97987_0.jpg,Action
97987_1.jpg,Action
97987_2.jpg,Action
99371_0.jpg,Action
120591_0.jpg,Action
145487_1.jpg,Action
70909_0.jpg,Action
40724_2.jpg,Action
271668_2.jpg,Action
109444_0.jpg,Action
120609_2.jpg,Action
60315_2.jpg,Action
132245_0.jpg,Action
114622_1.jpg,Action
59885_0.jpg,Action
244244_1.jpg,Action
120609_0.jpg,Action
228750_0.jpg,Action
112740_0.jpg,Action
172156_0.jpg,Action
102059_0.jpg,Action
84704_0.jpg,Action
120804_1.jpg,Action
81455_0.jpg,Action
99409_0.jpg,Action
318649_0.jpg,Action
116426_1.jpg,Action
120458_1.jpg,Action
120877_1.jpg,Action
327409_1.jpg,Action
87469_1.jpg,Action
318627_2.jpg,Action
73906_0.jpg,Action
80707_0.jpg,Action
94792_1.jpg,Action
120828_1.jpg,Action
68767_0.jpg,Action
114706_0.jpg,Action
93870_0.jpg,Action
152930_1.jpg,Action
93828_2.jpg,Action
78490_0.jpg,Action
221111_1.jpg,Action
119807_1.jpg,Action
104714_2.jpg,Action
24645_0.jpg,Action
112401_2.jpg,Action
347791_2.jpg,Action
72351_2.jpg,Action
233142_2.jpg,Action
112887_2.jpg,Action
173840_1.jpg,Action
117723_2.jpg,Action
82559_0.jpg,Action
55928_2.jpg,Action
104647_2.jpg,Action
113552_1.jpg,Action
113855_1.jpg,Action
300556_1.jpg,Action
83131_1.jpg,Action
82332_0.jpg,Action
118880_2.jpg,Action
66602_0.jpg,Action
87268_0.jpg,Action
82525_1.jpg,Action
197521_0.jpg,Action
81499_1.jpg,Action
61094_1.jpg,Action
56142_2.jpg,Action
367093_1.jpg,Action
168172_2.jpg,Action
117688_2.jpg,Action
185183_0.jpg,Action
91203_2.jpg,Action
120912_1.jpg,Action
43137_0.jpg,Action
113497_0.jpg,Action
89901_0.jpg,Action
72705_0.jpg,Action
78869_2.jpg,Action
243554_2.jpg,Action
119094_1.jpg,Action
88944_0.jpg,Action
211443_1.jpg,Action
104714_0.jpg,Action
93483_0.jpg,Action
252223_0.jpg,Action
94792_0.jpg,Action
95863_0.jpg,Action
84704_2.jpg,Action
120188_1.jpg,Action
45125_0.jpg,Action
91431_1.jpg,Action
91129_1.jpg,Action
120657_0.jpg,Action
83630_0.jpg,Action
94834_1.jpg,Action
72705_2.jpg,Action
106292_0.jpg,Action
98502_0.jpg,Action
104926_0.jpg,Romance
104926_1.jpg,Romance
104926_2.jpg,Romance
126916_0.jpg,Romance
156460_0.jpg,Romance
165384_0.jpg,Romance
165384_1.jpg,Romance
165384_2.jpg,Romance
18328_0.jpg,Romance
199725_0.jpg,Romance
204946_0.jpg,Romance
204946_1.jpg,Romance
204946_2.jpg,Romance
300532_0.jpg,Romance
360201_0.jpg,Romance
360201_1.jpg,Romance
360201_2.jpg,Romance
45012_0.jpg,Romance
45012_1.jpg,Romance
45012_2.jpg,Romance
65797_0.jpg,Romance
85154_0.jpg,Romance
87425_0.jpg,Romance
87425_1.jpg,Romance
87425_2.jpg,Romance
90270_0.jpg,Romance
90685_0.jpg,Romance
90685_1.jpg,Romance
90685_2.jpg,Romance
92272_0.jpg,Romance
94812_0.jpg,Romance
94812_1.jpg,Romance
94812_2.jpg,Romance
95119_0.jpg,Romance
96171_0.jpg,Romance
216799_0.jpg,Romance
32762_1.jpg,Romance
114345_0.jpg,Romance
160236_2.jpg,Romance
98022_2.jpg,Romance
162710_2.jpg,Romance
28944_0.jpg,Romance
60884_0.jpg,Romance
250081_0.jpg,Romance
117276_0.jpg,Romance
269499_0.jpg,Romance
119054_1.jpg,Romance
113080_0.jpg,Romance
116934_1.jpg,Romance
118843_2.jpg,Romance
120894_2.jpg,Romance
62218_1.jpg,Romance
129884_2.jpg,Romance
63688_0.jpg,Romance
298504_1.jpg,Romance
141105_0.jpg,Romance
47688_0.jpg,Romance
118892_0.jpg,Romance
119746_0.jpg,Romance
47673_0.jpg,Romance
82200_1.jpg,Romance
16332_1.jpg,Romance
258470_2.jpg,Romance
107048_0.jpg,Romance
86112_0.jpg,Romance
250478_0.jpg,Romance
25373_0.jpg,Romance
78062_1.jpg,Romance
140379_0.jpg,Romance
209368_2.jpg,Romance
92559_0.jpg,Romance
256276_0.jpg,Romance
317052_0.jpg,Romance
106471_0.jpg,Romance
405743_0.jpg,Romance
77942_0.jpg,Romance
97044_0.jpg,Romance
358135_0.jpg,Romance
99800_0.jpg,Romance
94898_1.jpg,Romance
29546_0.jpg,Romance
51516_2.jpg,Romance
234940_0.jpg,Romance
88708_0.jpg,Romance
370904_2.jpg,Romance
29682_2.jpg,Romance
125022_1.jpg,Romance
80610_0.jpg,Romance
93493_2.jpg,Romance
144640_2.jpg,Romance
162348_0.jpg,Romance
30241_1.jpg,Romance
55805_2.jpg,Romance
93693_0.jpg,Romance
94675_0.jpg,Romance
138524_2.jpg,Romance
51658_0.jpg,Romance
110516_1.jpg,Romance
107048_2.jpg,Romance
24034_0.jpg,Romance
37604_0.jpg,Romance
110516_2.jpg,Romance
344510_0.jpg,Romance
86617_0.jpg,Romance
112895_0.jpg,Romance
280590_1.jpg,Romance
92099_0.jpg,Romance
56262_1.jpg,Romance
64615_1.jpg,Romance
116295_0.jpg,Romance
97044_1.jpg,Romance
225071_0.jpg,Romance
239948_2.jpg,Romance
110366_2.jpg,Romance
49038_0.jpg,Romance
152548_1.jpg,Romance
79477_0.jpg,Romance
33712_0.jpg,Romance
155267_1.jpg,Romance
101862_2.jpg,Romance
97116_0.jpg,Romance
44413_1.jpg,Romance
56262_0.jpg,Romance
343660_0.jpg,Romance
290002_1.jpg,Romance
117365_2.jpg,Romance
356999_1.jpg,Romance
116767_0.jpg,Crime
385705_0.jpg,Crime
398165_0.jpg,Crime
398165_1.jpg,Crime
398165_2.jpg,Crime
41859_0.jpg,Crime
41859_1.jpg,Crime
41859_2.jpg,Crime
54248_0.jpg,Crime
79709_0.jpg,Crime
112854_0.jpg,Crime
37691_2.jpg,Crime
401792_2.jpg,Crime
113613_0.jpg,Crime
239948_2.jpg,Crime
77234_0.jpg,Crime
206762_1.jpg,Crime
110570_0.jpg,Crime
23285_2.jpg,Crime
119642_2.jpg,Crime
120693_2.jpg,Crime
93409_2.jpg,Crime
317887_0.jpg,Crime
271668_2.jpg,Crime
117665_0.jpg,Crime
118880_1.jpg,Crime
92563_2.jpg,Crime
106292_0.jpg,Crime
388183_1.jpg,Crime
301167_0.jpg,Crime
82163_0.jpg,Crime
109552_2.jpg,Crime
102220_1.jpg,Crime
112887_2.jpg,Crime
57413_2.jpg,Crime
64169_0.jpg,Crime
94675_2.jpg,Crime
337917_2.jpg,Crime
119303_1.jpg,Crime
113501_0.jpg,Crime
102749_0.jpg,Crime
109297_0.jpg,Crime
87507_2.jpg,Crime
286152_0.jpg,Crime
73396_0.jpg,Crime
74483_0.jpg,Crime
398165_2.jpg,Crime
96163_0.jpg,Crime
46126_0.jpg,Crime
100135_2.jpg,Crime
106292_2.jpg,Crime
227445_0.jpg,Crime
66730_0.jpg,Crime
112922_1.jpg,Crime
58672_2.jpg,Crime
77413_0.jpg,Crime
100339_0.jpg,Crime
97125_0.jpg,Crime
221344_0.jpg,Crime
41503_0.jpg,Crime
105585_2.jpg,Crime
335438_2.jpg,Crime
102926_0.jpg,Crime
295721_2.jpg,Crime
87065_2.jpg,Crime
73756_2.jpg,Crime
113481_2.jpg,Crime
118100_0.jpg,Crime
97733_1.jpg,Crime
114594_2.jpg,Crime
142201_0.jpg,Crime
91814_0.jpg,Crime
246464_0.jpg,Crime
95705_2.jpg,Crime
75066_1.jpg,Crime
39305_0.jpg,Crime
104922_0.jpg,Crime
99763_0.jpg,Crime
118702_1.jpg,Crime
110632_0.jpg,Crime
94631_0.jpg,Crime
99365_0.jpg,Crime
62861_0.jpg,Crime
90859_1.jpg,Crime
112913_0.jpg,Crime
74749_0.jpg,Crime
70292_0.jpg,Crime
83271_2.jpg,Crime
95348_1.jpg,Crime
113243_0.jpg,Crime
47885_0.jpg,Crime
299658_0.jpg,Crime
70666_0.jpg,Crime
46187_2.jpg,Crime
187078_0.jpg,Crime
322259_2.jpg,Crime
74860_0.jpg,Crime
111438_2.jpg,Crime
105631_0.jpg,Crime
25878_2.jpg,Crime
86383_2.jpg,Crime
87062_0.jpg,Crime
22827_0.jpg,Crime
97366_1.jpg,Crime
139898_0.jpg,Crime
75223_1.jpg,Crime
22208_0.jpg,Crime
194368_1.jpg,Crime
93640_0.jpg,Crime
115438_1.jpg,Crime
95655_0.jpg,Crime
337921_0.jpg,Crime
295362_0.jpg,Crime
13086_0.jpg,Crime
100602_1.jpg,Crime
49949_0.jpg,Crime
113425_0.jpg,Crime
99615_0.jpg,Crime
403537_0.jpg,Crime
112281_0.jpg,Crime
355683_0.jpg,Crime
326208_1.jpg,Crime
314498_1.jpg,Crime
108633_0.jpg,Crime
152930_2.jpg,Crime
70169_0.jpg,Crime
92563_1.jpg,Crime
101524_0.jpg,Adventure
109729_0.jpg,Adventure
109729_1.jpg,Adventure
109729_2.jpg,Adventure
338077_0.jpg,Adventure
338077_1.jpg,Adventure
338077_2.jpg,Adventure
83580_0.jpg,Adventure
83580_1.jpg,Adventure
83580_2.jpg,Adventure
95250_0.jpg,Adventure
79013_2.jpg,Adventure
84315_1.jpg,Adventure
120773_1.jpg,Adventure
211181_0.jpg,Adventure
93066_2.jpg,Adventure
74157_2.jpg,Adventure
72021_0.jpg,Adventure
90728_2.jpg,Adventure
65462_0.jpg,Adventure
185183_0.jpg,Adventure
54047_0.jpg,Adventure
104922_0.jpg,Adventure
91059_0.jpg,Adventure
35799_1.jpg,Adventure
58150_0.jpg,Adventure
424774_1.jpg,Adventure
97576_1.jpg,Adventure
105402_1.jpg,Adventure
80889_2.jpg,Adventure
133240_1.jpg,Adventure
59800_1.jpg,Adventure
311429_2.jpg,Adventure
211181_1.jpg,Adventure
91203_0.jpg,Adventure
70030_0.jpg,Adventure
101412_0.jpg,Adventure
268380_0.jpg,Adventure
100232_0.jpg,Adventure
186566_0.jpg,Adventure
121804_0.jpg,Adventure
332452_1.jpg,Adventure
268380_1.jpg,Adventure
120389_0.jpg,Adventure
53580_0.jpg,Adventure
74751_0.jpg,Adventure
119282_2.jpg,Adventure
83630_1.jpg,Adventure
101452_1.jpg,Adventure
103924_2.jpg,Adventure
348121_1.jpg,Adventure
112453_0.jpg,Adventure
101329_2.jpg,Adventure
54757_2.jpg,Adventure
91225_1.jpg,Adventure
366174_0.jpg,Adventure
57546_0.jpg,Adventure
17416_0.jpg,Adventure
108255_1.jpg,Adventure
55254_0.jpg,Adventure
45546_1.jpg,Adventure
184858_0.jpg,Adventure
114694_0.jpg,Adventure
87332_2.jpg,Adventure
107819_0.jpg,Adventure
69729_2.jpg,Adventure
94012_0.jpg,Adventure
231402_1.jpg,Adventure
59956_0.jpg,Adventure
90667_0.jpg,Adventure
70328_2.jpg,Adventure
96874_0.jpg,Adventure
72021_1.jpg,Adventure
81874_1.jpg,Adventure
119249_1.jpg,Adventure
113188_0.jpg,Adventure
84296_0.jpg,Adventure
87690_0.jpg,Adventure
90555_1.jpg,Adventure
82431_0.jpg,Adventure
400497_0.jpg,Adventure
112281_0.jpg,Adventure
95715_0.jpg,Adventure
88708_0.jpg,Adventure
89893_0.jpg,Adventure
91055_2.jpg,Adventure
62711_0.jpg,Adventure
61852_0.jpg,Adventure
119152_0.jpg,Adventure
111282_2.jpg,Adventure
52564_0.jpg,Adventure
89114_0.jpg,Adventure
104522_0.jpg,Adventure
117427_0.jpg,Adventure
116629_2.jpg,Adventure
295427_2.jpg,Adventure
82096_0.jpg,Adventure
61852_2.jpg,Adventure
127357_1.jpg,Adventure
71807_0.jpg,Adventure
163579_2.jpg,Adventure
86346_2.jpg,Adventure
35799_0.jpg,Adventure
66265_2.jpg,Adventure
65214_2.jpg,Adventure
113541_0.jpg,Adventure
109361_0.jpg,Adventure
311429_1.jpg,Adventure
45125_0.jpg,Adventure
16654_2.jpg,Adventure
277941_0.jpg,Adventure
103060_2.jpg,Adventure
110213_2.jpg,Adventure
105466_2.jpg,Adventure
66995_0.jpg,Adventure
116040_0.jpg,Adventure
166813_2.jpg,Adventure
45125_1.jpg,Adventure
118661_0.jpg,Adventure
100666_0.jpg,Adventure
245943_2.jpg,Adventure
314166_0.jpg,Adventure
312528_0.jpg,Adventure
71411_0.jpg,Adventure
97388_1.jpg,Adventure
216651_2.jpg,Adventure
98987_1.jpg,Adventure
229260_2.jpg,Horror
84719_0.jpg,Horror
50177_1.jpg,Horror
110148_0.jpg,Horror
40068_1.jpg,Horror
115610_0.jpg,Horror
92744_1.jpg,Horror
84464_0.jpg,Horror
294594_0.jpg,Horror
135659_0.jpg,Horror
178868_0.jpg,Horror
66380_2.jpg,Horror
81027_2.jpg,Horror
97557_1.jpg,Horror
66740_1.jpg,Horror
92972_0.jpg,Horror
100258_0.jpg,Horror
120804_2.jpg,Horror
366174_0.jpg,Horror
55200_0.jpg,Horror
100469_0.jpg,Horror
278475_0.jpg,Horror
57129_1.jpg,Horror
120681_1.jpg,Horror
120860_0.jpg,Horror
63715_2.jpg,Horror
81112_0.jpg,Horror
363547_2.jpg,Horror
55830_0.jpg,Horror
99697_1.jpg,Horror
84854_2.jpg,Horror
40068_2.jpg,Horror
244870_0.jpg,Horror
259182_2.jpg,Horror
86543_0.jpg,Horror
58333_1.jpg,Horror
223249_1.jpg,Horror
359564_2.jpg,Horror
218625_0.jpg,Horror
84556_1.jpg,Horror
77681_1.jpg,Horror
105217_0.jpg,Horror
51554_2.jpg,Horror
77402_1.jpg,Horror
369226_2.jpg,Horror
245674_0.jpg,Horror
77533_0.jpg,Horror
91647_2.jpg,Horror
318627_2.jpg,Horror
51554_1.jpg,Horror
115963_0.jpg,Horror
26685_0.jpg,Horror
93629_0.jpg,Horror
101591_1.jpg,Horror
86154_2.jpg,Horror
72267_0.jpg,Horror
94862_0.jpg,Horror
79641_1.jpg,Horror
70622_0.jpg,Horror
87799_2.jpg,Horror
92147_1.jpg,Horror
96218_0.jpg,Horror
251806_2.jpg,Horror
106262_2.jpg,Horror
107899_0.jpg,Horror
162661_2.jpg,Horror
55894_2.jpg,Horror
318627_1.jpg,Horror
98354_1.jpg,Horror
144120_1.jpg,Horror
98136_2.jpg,Horror
263488_0.jpg,Horror
50095_2.jpg,Horror
156887_2.jpg,Horror
209958_0.jpg,Horror
230575_1.jpg,Horror
80603_0.jpg,Horror
83550_2.jpg,Horror
71519_1.jpg,Horror
45546_2.jpg,Horror
105428_2.jpg,Horror
311361_0.jpg,Horror
49363_0.jpg,Horror
72285_2.jpg,Horror
88967_2.jpg,Horror
171363_0.jpg,Horror
197521_1.jpg,Horror
218625_2.jpg,Horror
96256_0.jpg,Horror
66740_0.jpg,Horror
82418_0.jpg,Horror
113449_1.jpg,Horror
50294_1.jpg,Horror
259182_1.jpg,Horror
79082_0.jpg,Horror
119675_1.jpg,Horror
93608_1.jpg,Horror
106664_1.jpg,Horror
17739_0.jpg,Horror
120877_2.jpg,Horror
326820_0.jpg,Horror
23194_1.jpg,Horror
204313_1.jpg,Horror
298130_0.jpg,Horror
91799_1.jpg,Horror
99697_0.jpg,Horror
59792_0.jpg,Horror
20530_2.jpg,Horror
89274_2.jpg,Horror
111127_2.jpg,Horror
98622_0.jpg,Horror
99636_0.jpg,Horror
97557_2.jpg,Horror
329101_1.jpg,Horror
374639_2.jpg,Horror
48977_0.jpg,Horror
88889_2.jpg,Horror
218619_0.jpg,Horror
90849_2.jpg,Horror
69341_1.jpg,Horror
69341_0.jpg,Horror
56600_0.jpg,Horror
257516_1.jpg,Horror
54393_0.jpg,Horror
20530_0.jpg,Horror
318081_2.jpg,Horror
66380_0.jpg,Horror
97659_0.jpg,Thriller
97659_1.jpg,Thriller
97659_2.jpg,Thriller
91306_1.jpg,Thriller
378215_0.jpg,Thriller
87050_0.jpg,Thriller
162650_2.jpg,Thriller
97162_2.jpg,Thriller
188694_0.jpg,Thriller
82398_2.jpg,Thriller
368447_0.jpg,Thriller
89348_0.jpg,Thriller
122151_0.jpg,Thriller
275067_0.jpg,Thriller
219887_2.jpg,Thriller
42469_1.jpg,Thriller
284978_2.jpg,Thriller
83336_1.jpg,Thriller
99423_0.jpg,Thriller
89308_1.jpg,Thriller
80850_0.jpg,Thriller
73756_2.jpg,Thriller
92842_0.jpg,Thriller
91209_1.jpg,Thriller
79271_0.jpg,Thriller
275067_2.jpg,Thriller
77402_2.jpg,Thriller
49922_1.jpg,Thriller
90264_1.jpg,Thriller
209144_1.jpg,Thriller
258463_0.jpg,Thriller
221889_0.jpg,Thriller
46912_1.jpg,Thriller
80850_2.jpg,Thriller
47264_0.jpg,Thriller
49370_2.jpg,Thriller
280949_1.jpg,Thriller
120008_0.jpg,Thriller
58150_0.jpg,Thriller
103919_0.jpg,Thriller
348836_0.jpg,Thriller
59043_0.jpg,Thriller
14972_0.jpg,Thriller
71663_0.jpg,Thriller
120714_0.jpg,Thriller
116839_2.jpg,Thriller
82418_1.jpg,Thriller
119891_1.jpg,Thriller
76301_0.jpg,Thriller
120697_2.jpg,Thriller
125211_0.jpg,Thriller
81186_2.jpg,Thriller
342508_0.jpg,Thriller
96163_2.jpg,Thriller
85750_1.jpg,Thriller
69282_2.jpg,Thriller
64757_1.jpg,Thriller
115885_1.jpg,Thriller
112401_2.jpg,Thriller
118647_0.jpg,Thriller
72285_0.jpg,Thriller
94701_1.jpg,Thriller
353489_0.jpg,Thriller
293662_0.jpg,Thriller
110965_0.jpg,Thriller
278731_0.jpg,Thriller
105636_0.jpg,Thriller
108260_0.jpg,Thriller
209958_1.jpg,Thriller
100442_0.jpg,Thriller
68473_0.jpg,Thriller
323939_1.jpg,Thriller
82269_0.jpg,Thriller
94933_0.jpg,Thriller
97659_2.jpg,Thriller
120051_2.jpg,Thriller
86567_0.jpg,Thriller
100224_2.jpg,Thriller
100263_1.jpg,Thriller
61758_0.jpg,Thriller
51221_0.jpg,Thriller
120694_0.jpg,Thriller
74156_1.jpg,Thriller
110425_2.jpg,Thriller
82511_2.jpg,Thriller
88944_1.jpg,Thriller
71408_0.jpg,Thriller
83972_2.jpg,Thriller
114170_2.jpg,Thriller
77530_1.jpg,Thriller
282209_2.jpg,Thriller
112864_1.jpg,Thriller
95742_0.jpg,Thriller
285492_0.jpg,Thriller
93029_0.jpg,Thriller
107206_0.jpg,Thriller
246464_1.jpg,Thriller
73820_2.jpg,Thriller
87144_0.jpg,Thriller
106664_1.jpg,Thriller
98320_2.jpg,Thriller
105112_1.jpg,Thriller
186566_2.jpg,Thriller
134273_0.jpg,Thriller
88256_0.jpg,Thriller
90264_0.jpg,Thriller
94035_1.jpg,Thriller
80503_1.jpg,Thriller
100263_0.jpg,Thriller
112749_0.jpg,Thriller
107302_0.jpg,Thriller
183678_1.jpg,Thriller
89173_1.jpg,Thriller
109415_2.jpg,Thriller
295362_2.jpg,Thriller
60955_0.jpg,Thriller
110913_0.jpg,Thriller
103919_1.jpg,Thriller
117965_0.jpg,Thriller
119642_0.jpg,Thriller
120757_1.jpg,Thriller
107034_0.jpg,Thriller
89308_0.jpg,Thriller
276816_1.jpg,Thriller
114170_1.jpg,Thriller
120787_0.jpg,Thriller
93223_0.jpg,Thriller
246894_0.jpg,Sci-Fi
246894_1.jpg,Sci-Fi
246894_2.jpg,Sci-Fi
41514_0.jpg,Sci-Fi
41514_1.jpg,Sci-Fi
41514_2.jpg,Sci-Fi
73631_0.jpg,Sci-Fi
73631_1.jpg,Sci-Fi
73631_2.jpg,Sci-Fi
110678_0.jpg,Sci-Fi
70909_2.jpg,Sci-Fi
50177_0.jpg,Sci-Fi
289879_0.jpg,Sci-Fi
117108_0.jpg,Sci-Fi
113481_1.jpg,Sci-Fi
134847_2.jpg,Sci-Fi
61094_2.jpg,Sci-Fi
109575_2.jpg,Sci-Fi
100649_1.jpg,Sci-Fi
300556_1.jpg,Sci-Fi
50294_2.jpg,Sci-Fi
54642_0.jpg,Sci-Fi
82763_0.jpg,Sci-Fi
52077_2.jpg,Sci-Fi
49370_2.jpg,Sci-Fi
51418_1.jpg,Sci-Fi
87004_0.jpg,Sci-Fi
83866_2.jpg,Sci-Fi
88960_1.jpg,Sci-Fi
390384_0.jpg,Sci-Fi
101591_0.jpg,Sci-Fi
32637_0.jpg,Sci-Fi
57372_1.jpg,Sci-Fi
91343_1.jpg,Sci-Fi
90837_2.jpg,Sci-Fi
127302_2.jpg,Sci-Fi
94631_0.jpg,Sci-Fi
119809_0.jpg,Sci-Fi
87799_0.jpg,Sci-Fi
127302_1.jpg,Sci-Fi
51756_2.jpg,Sci-Fi
97001_2.jpg,Sci-Fi
32637_1.jpg,Sci-Fi
116629_2.jpg,Sci-Fi
82815_0.jpg,Sci-Fi
114614_2.jpg,Sci-Fi
82146_0.jpg,Sci-Fi
90837_1.jpg,Sci-Fi
200469_2.jpg,Sci-Fi
115571_1.jpg,Sci-Fi
116996_1.jpg,Sci-Fi
114614_1.jpg,Sci-Fi
82340_0.jpg,Sci-Fi
59465_1.jpg,Sci-Fi
100129_2.jpg,Sci-Fi
51134_1.jpg,Sci-Fi
120201_1.jpg,Sci-Fi
371724_0.jpg,Sci-Fi
81764_2.jpg,Sci-Fi
72856_2.jpg,Sci-Fi
51756_1.jpg,Sci-Fi
116629_1.jpg,Sci-Fi
103003_2.jpg,Sci-Fi
70909_0.jpg,Sci-Fi
359564_0.jpg,Sci-Fi
55894_1.jpg,Sci-Fi
86374_2.jpg,Sci-Fi
35899_2.jpg,Sci-Fi
114746_0.jpg,Sci-Fi
93828_0.jpg,Sci-Fi
296572_1.jpg,Sci-Fi
96874_1.jpg,Sci-Fi
187738_2.jpg,Sci-Fi
107899_1.jpg,Sci-Fi
24184_2.jpg,Sci-Fi
62153_0.jpg,Sci-Fi
69768_2.jpg,Sci-Fi
87004_2.jpg,Sci-Fi
120554_1.jpg,Sci-Fi
93207_0.jpg,Sci-Fi
107819_1.jpg,Sci-Fi
116839_0.jpg,Sci-Fi
93828_2.jpg,Sci-Fi
55894_0.jpg,Sci-Fi
87344_2.jpg,Sci-Fi
44121_1.jpg,Sci-Fi
68408_2.jpg,Sci-Fi
378428_0.jpg,Sci-Fi
99180_1.jpg,Sci-Fi
73747_0.jpg,Sci-Fi
106215_2.jpg,Sci-Fi
57518_1.jpg,Sci-Fi
300556_0.jpg,Sci-Fi
52564_2.jpg,Sci-Fi
91993_0.jpg,Sci-Fi
119081_1.jpg,Sci-Fi
222293_1.jpg,Sci-Fi
120902_0.jpg,Sci-Fi
335121_0.jpg,Sci-Fi
119013_2.jpg,Sci-Fi
43456_0.jpg,Sci-Fi
113074_2.jpg,Sci-Fi
187738_0.jpg,Sci-Fi
131646_1.jpg,Sci-Fi
83109_2.jpg,Sci-Fi
79945_1.jpg,Sci-Fi
228333_2.jpg,Sci-Fi
246894_0.jpg,Sci-Fi
120554_2.jpg,Sci-Fi
82340_2.jpg,Sci-Fi
105569_2.jpg,Sci-Fi
98193_1.jpg,Sci-Fi
44876_0.jpg,Sci-Fi
54642_2.jpg,Sci-Fi
217869_0.jpg,Sci-Fi
108069_0.jpg,Sci-Fi
140614_0.jpg,Sci-Fi
120841_0.jpg,Sci-Fi
81454_1.jpg,Sci-Fi
351167_1.jpg,Sci-Fi
26138_0.jpg,Sci-Fi
181852_2.jpg,Sci-Fi
86346_1.jpg,Sci-Fi
239641_1.jpg,Sci-Fi
97371_1.jpg,Sci-Fi
50294_0.jpg,Sci-Fi
100438_1.jpg,Sci-Fi
93516_2.jpg,Fantasy
89893_2.jpg,Fantasy
81777_2.jpg,Fantasy
164961_1.jpg,Fantasy
111419_0.jpg,Fantasy
190332_1.jpg,Fantasy
41719_0.jpg,Fantasy
78412_0.jpg,Fantasy
189047_0.jpg,Fantasy
33712_0.jpg,Fantasy
89961_0.jpg,Fantasy
132910_2.jpg,Fantasy
51622_0.jpg,Fantasy
369226_0.jpg,Fantasy
164961_0.jpg,Fantasy
100201_2.jpg,Fantasy
112642_2.jpg,Fantasy
13442_2.jpg,Fantasy
10323_1.jpg,Fantasy
95925_2.jpg,Fantasy
51128_1.jpg,Fantasy
53219_0.jpg,Fantasy
87622_0.jpg,Fantasy
117609_1.jpg,Fantasy
75936_1.jpg,Fantasy
325703_2.jpg,Fantasy
399102_2.jpg,Fantasy
118178_1.jpg,Fantasy
20530_0.jpg,Fantasy
164961_2.jpg,Fantasy
58379_1.jpg,Fantasy
118604_0.jpg,Fantasy
103783_1.jpg,Fantasy
75200_2.jpg,Fantasy
95655_1.jpg,Fantasy
107048_2.jpg,Fantasy
103129_0.jpg,Fantasy
138510_1.jpg,Fantasy
80752_2.jpg,Fantasy
118178_2.jpg,Fantasy
83767_1.jpg,Fantasy
89893_0.jpg,Fantasy
97576_0.jpg,Fantasy
93220_1.jpg,Fantasy
248190_0.jpg,Fantasy
93978_2.jpg,Fantasy
374536_2.jpg,Fantasy
101917_2.jpg,Fantasy
167190_0.jpg,Fantasy
103874_1.jpg,Fantasy
16039_0.jpg,Fantasy
311429_0.jpg,Fantasy
110527_1.jpg,Fantasy
12364_0.jpg,Fantasy
132910_1.jpg,Fantasy
106220_0.jpg,Fantasy
99365_1.jpg,Fantasy
362417_1.jpg,Fantasy
45464_1.jpg,Fantasy
37099_0.jpg,Fantasy
107387_1.jpg,Fantasy
102343_2.jpg,Fantasy
114825_2.jpg,Fantasy
120524_0.jpg,Fantasy
298482_1.jpg,Fantasy
81751_1.jpg,Fantasy
239655_1.jpg,Fantasy
76929_1.jpg,Fantasy
87544_0.jpg,Fantasy
100438_2.jpg,Fantasy
231775_2.jpg,Fantasy
95925_1.jpg,Fantasy
322659_0.jpg,Fantasy
81633_0.jpg,Fantasy
55805_1.jpg,Fantasy
316396_2.jpg,Fantasy
66065_0.jpg,Fantasy
116671_0.jpg,Fantasy
81268_2.jpg,Fantasy
167190_2.jpg,Fantasy
96218_1.jpg,Fantasy
108539_2.jpg,Fantasy
55830_2.jpg,Fantasy
253556_2.jpg,Fantasy
89200_0.jpg,Fantasy
400435_0.jpg,Fantasy
108071_0.jpg,Fantasy
81693_0.jpg,Fantasy
37514_1.jpg,Fantasy
76489_0.jpg,Fantasy
161081_0.jpg,Fantasy
239655_2.jpg,Fantasy
93589_1.jpg,Fantasy
93624_0.jpg,Fantasy
132451_0.jpg,Fantasy
89893_1.jpg,Fantasy
59229_0.jpg,Fantasy
13442_0.jpg,Fantasy
35899_2.jpg,Fantasy
106220_1.jpg,Fantasy
56142_0.jpg,Fantasy
311429_1.jpg,Fantasy
190374_2.jpg,Fantasy
93582_0.jpg,Fantasy
116756_1.jpg,Fantasy
50976_0.jpg,Fantasy
127392_0.jpg,Fantasy
114663_0.jpg,Fantasy
121766_2.jpg,Fantasy
298482_2.jpg,Fantasy
103919_2.jpg,Fantasy
41705_2.jpg,Fantasy
103874_2.jpg,Fantasy
55830_1.jpg,Fantasy
70354_2.jpg,Fantasy
259711_2.jpg,Fantasy
39420_0.jpg,Fantasy
116426_1.jpg,Fantasy
104522_1.jpg,Fantasy
97981_0.jpg,Fantasy
83033_1.jpg,Fantasy
55830_0.jpg,Fantasy
119484_1.jpg,Fantasy
93629_2.jpg,Fantasy
101917_0.jpg,Fantasy
327554_0.jpg,Fantasy
81751_2.jpg,Fantasy
109067_0.jpg,Family
109067_1.jpg,Family
109067_2.jpg,Family
116165_0.jpg,Family
116165_1.jpg,Family
116165_2.jpg,Family
140796_0.jpg,Family
140796_1.jpg,Family
140796_2.jpg,Family
15841_0.jpg,Family
15841_1.jpg,Family
15841_2.jpg,Family
260695_0.jpg,Family
265662_0.jpg,Family
37120_0.jpg,Family
64603_0.jpg,Family
64603_1.jpg,Family
64603_2.jpg,Family
74599_0.jpg,Family
74599_1.jpg,Family
74599_2.jpg,Family
97523_1.jpg,Family
74599_2.jpg,Family
19412_2.jpg,Family
82810_0.jpg,Family
327679_0.jpg,Family
116756_2.jpg,Family
76054_2.jpg,Family
45464_0.jpg,Family
79368_0.jpg,Family
93744_1.jpg,Family
104522_0.jpg,Family
118172_1.jpg,Family
109813_2.jpg,Family
94137_0.jpg,Family
120213_1.jpg,Family
120550_2.jpg,Family
81353_1.jpg,Family
368933_0.jpg,Family
120213_0.jpg,Family
54357_1.jpg,Family
82679_2.jpg,Family
82263_0.jpg,Family
111701_0.jpg,Family
120510_0.jpg,Family
265298_2.jpg,Family
110366_1.jpg,Family
112642_2.jpg,Family
279286_1.jpg,Family
170016_2.jpg,Family
61856_2.jpg,Family
83791_1.jpg,Family
123987_0.jpg,Family
116571_0.jpg,Family
58331_0.jpg,Family
318202_2.jpg,Family
65566_0.jpg,Family
116165_1.jpg,Family
60397_1.jpg,Family
32138_1.jpg,Family
59126_0.jpg,Family
116705_1.jpg,Family
120185_1.jpg,Family
32910_2.jpg,Family
51337_2.jpg,Family
88979_0.jpg,Family
113541_1.jpg,Family
27977_0.jpg,Family
94074_2.jpg,Family
41855_0.jpg,Family
63821_0.jpg,Family
115725_0.jpg,Family
319917_0.jpg,Family
120029_2.jpg,Family
142342_0.jpg,Family
88979_1.jpg,Family
93744_2.jpg,Family
119152_0.jpg,Family
27527_2.jpg,Family
87225_1.jpg,Family
338348_1.jpg,Family
120389_2.jpg,Family
99654_0.jpg,Family
113041_0.jpg,Family
91449_2.jpg,Family
119718_1.jpg,Family
334725_0.jpg,Family
83866_1.jpg,Family
34492_0.jpg,Family
304141_1.jpg,Family
44685_1.jpg,Family
92067_1.jpg,Family
350194_2.jpg,Family
52722_1.jpg,Family
280030_1.jpg,Family
93779_1.jpg,Family
61122_0.jpg,Family
337697_0.jpg,Family
82263_2.jpg,Family
155753_1.jpg,Family
109015_2.jpg,Family
373908_0.jpg,Family
87538_0.jpg,Family
396592_0.jpg,Family
100050_0.jpg,Family
120856_2.jpg,Family
140796_0.jpg,Family
114658_1.jpg,Family
97647_0.jpg,Family
106701_1.jpg,Family
33152_1.jpg,Family
54594_2.jpg,Family
64708_1.jpg,Family
298228_0.jpg,Family
114658_2.jpg,Family
83951_0.jpg,Family
71607_2.jpg,Family
120131_0.jpg,Family
114268_0.jpg,Family
87056_0.jpg,Family
56095_1.jpg,Family
54944_0.jpg,Family
42644_0.jpg,Family
116165_0.jpg,Family
111701_1.jpg,Family
36098_1.jpg,Family
265298_0.jpg,Family
372594_0.jpg,Mystery
68655_0.jpg,Mystery
133363_0.jpg,Mystery
92563_1.jpg,Mystery
270707_1.jpg,Mystery
218625_2.jpg,Mystery
108238_0.jpg,Mystery
120184_0.jpg,Mystery
263488_0.jpg,Mystery
338337_2.jpg,Mystery
97366_0.jpg,Mystery
32635_0.jpg,Mystery
45469_2.jpg,Mystery
362511_2.jpg,Mystery
38494_0.jpg,Mystery
93539_0.jpg,Mystery
37691_2.jpg,Mystery
42876_0.jpg,Mystery
45469_0.jpg,Mystery
123034_0.jpg,Mystery
62380_0.jpg,Mystery
101625_1.jpg,Mystery
102469_1.jpg,Mystery
259711_2.jpg,Mystery
90357_2.jpg,Mystery
387564_0.jpg,Mystery
103186_0.jpg,Mystery
298130_0.jpg,Mystery
276816_0.jpg,Mystery
307479_0.jpg,Mystery
81163_0.jpg,Mystery
71222_1.jpg,Mystery
109028_0.jpg,Mystery
365190_0.jpg,Mystery
391198_2.jpg,Mystery
116213_0.jpg,Mystery
102469_0.jpg,Mystery
243554_0.jpg,Mystery
162661_1.jpg,Mystery
275067_0.jpg,Mystery
308379_0.jpg,Mystery
344510_0.jpg,Mystery
221344_2.jpg,Mystery
13086_2.jpg,Mystery
111686_1.jpg,Mystery
113409_2.jpg,Mystery
167404_0.jpg,Mystery
73747_2.jpg,Mystery
108560_0.jpg,Mystery
102729_2.jpg,Mystery
71877_0.jpg,Mystery
338337_0.jpg,Mystery
356176_1.jpg,Mystery
42593_0.jpg,Mystery
94963_0.jpg,Mystery
276816_2.jpg,Mystery
219519_0.jpg,Mystery
84719_1.jpg,Mystery
91799_0.jpg,Mystery
69920_0.jpg,Mystery
118884_0.jpg,Mystery
86336_2.jpg,Mystery
70022_0.jpg,Mystery
252501_0.jpg,Mystery
82951_0.jpg,Mystery
49414_1.jpg,Mystery
62626_0.jpg,Mystery
100065_0.jpg,Mystery
76704_2.jpg,Mystery
113044_0.jpg,Mystery
120894_0.jpg,Mystery
78163_2.jpg,Mystery
22208_0.jpg,Mystery
37415_2.jpg,Mystery
84787_1.jpg,Mystery
387564_2.jpg,Mystery
377109_0.jpg,Mystery
155975_0.jpg,Mystery
162661_2.jpg,Mystery
120082_0.jpg,Mystery
120802_0.jpg,Mystery
112040_2.jpg,Mystery
178868_1.jpg,Mystery
67217_0.jpg,Mystery
58997_1.jpg,Mystery
82418_0.jpg,Mystery
86543_0.jpg,Mystery
375735_0.jpg,Mystery
330500_1.jpg,Mystery
181689_0.jpg,Mystery
230600_2.jpg,Mystery
80761_1.jpg,Mystery
118040_0.jpg,Mystery
117571_2.jpg,Mystery
119448_0.jpg,Mystery
106926_0.jpg,Mystery
298130_1.jpg,Mystery
72081_1.jpg,Mystery
209144_2.jpg,Mystery
58586_2.jpg,Mystery
105121_0.jpg,Mystery
34946_0.jpg,Mystery
84556_1.jpg,Mystery
112722_0.jpg,Mystery
67656_1.jpg,Mystery
82418_2.jpg,Mystery
221218_0.jpg,Mystery
343818_1.jpg,Mystery
93539_2.jpg,Mystery
364751_1.jpg,Mystery
160184_0.jpg,Mystery
270707_2.jpg,Mystery
82159_1.jpg,Mystery
55200_0.jpg,Mystery
80365_0.jpg,Mystery
76704_0.jpg,Mystery
86154_0.jpg,Mystery
102181_0.jpg,Mystery
92783_0.jpg,Mystery
118929_2.jpg,Mystery
72750_2.jpg,Mystery
230600_0.jpg,Mystery
90327_2.jpg,Mystery
23285_1.jpg,Mystery
56552_1.jpg,Mystery
59465_1.jpg,Mystery
98068_2.jpg,Mystery
109729_0.jpg,Documentary
109729_1.jpg,Documentary
109729_2.jpg,Documentary
117677_0.jpg,Documentary
117677_1.jpg,Documentary
117677_2.jpg,Documentary
118147_0.jpg,Documentary
118147_1.jpg,Documentary
118147_2.jpg,Documentary
179218_0.jpg,Documentary
179218_1.jpg,Documentary
179218_2.jpg,Documentary
181733_0.jpg,Documentary
218043_0.jpg,Documentary
218043_1.jpg,Documentary
218043_2.jpg,Documentary
245280_0.jpg,Documentary
245280_1.jpg,Documentary
245280_2.jpg,Documentary
271211_0.jpg,Documentary
271211_1.jpg,Documentary
271211_2.jpg,Documentary
308508_0.jpg,Documentary
308508_1.jpg,Documentary
308508_2.jpg,Documentary
389326_0.jpg,Documentary
389326_1.jpg,Documentary
389326_2.jpg,Documentary
67527_0.jpg,Documentary
67527_1.jpg,Documentary
67527_2.jpg,Documentary
76578_0.jpg,Documentary
76578_1.jpg,Documentary
76578_2.jpg,Documentary
168515_2.jpg,Documentary
311356_0.jpg,Documentary
109049_1.jpg,Documentary
107233_2.jpg,Documentary
176093_1.jpg,Documentary
354575_0.jpg,Documentary
318068_1.jpg,Documentary
113104_1.jpg,Documentary
82443_0.jpg,Documentary
343121_1.jpg,Documentary
303356_1.jpg,Documentary
141986_2.jpg,Documentary
119561_1.jpg,Documentary
391225_1.jpg,Documentary
363510_0.jpg,Documentary
357567_2.jpg,Documentary
416825_1.jpg,Documentary
77533_2.jpg,Documentary
342213_2.jpg,Documentary
236388_0.jpg,Documentary
113973_2.jpg,Documentary
48434_2.jpg,Documentary
109729_0.jpg,Documentary
150230_0.jpg,Documentary
377031_1.jpg,Documentary
419806_2.jpg,Documentary
260713_1.jpg,Documentary
281376_2.jpg,Documentary
124295_1.jpg,Documentary
116298_0.jpg,Documentary
192069_0.jpg,Documentary
120014_0.jpg,Documentary
364930_2.jpg,Documentary
275408_2.jpg,Documentary
113610_2.jpg,Documentary
390632_0.jpg,Documentary
236447_2.jpg,Documentary
181733_0.jpg,Documentary
218043_0.jpg,Documentary
120539_2.jpg,Documentary
418038_2.jpg,Documentary
109609_1.jpg,Documentary
239894_1.jpg,Documentary
83281_1.jpg,Documentary
379593_0.jpg,Documentary
346091_1.jpg,Documentary
441758_1.jpg,Documentary
430745_0.jpg,Documentary
112651_2.jpg,Documentary
340468_1.jpg,Documentary
312848_1.jpg,Documentary
86643_2.jpg,Documentary
372279_0.jpg,Documentary
124295_2.jpg,Documentary
265212_2.jpg,Documentary
150230_2.jpg,Documentary
96328_2.jpg,Documentary
154352_2.jpg,Documentary
342172_0.jpg,Documentary
105601_1.jpg,Documentary
109609_0.jpg,Documentary
67527_0.jpg,Documentary
116589_1.jpg,Documentary
83652_2.jpg,Documentary
275408_0.jpg,Documentary
236216_1.jpg,Documentary
223250_0.jpg,Documentary
342172_1.jpg,Documentary
64689_1.jpg,Documentary
174852_0.jpg,Documentary
276515_2.jpg,Documentary
138563_2.jpg,Documentary
64689_0.jpg,Documentary
104810_2.jpg,Documentary
114728_2.jpg,Documentary
64689_2.jpg,Documentary
307197_0.jpg,Documentary
86194_0.jpg,Documentary
119682_1.jpg,Documentary
236576_0.jpg,Documentary
379296_0.jpg,Documentary
342804_0.jpg,Documentary
85518_0.jpg,Documentary
307197_1.jpg,Documentary
115978_2.jpg,Documentary
181833_2.jpg,Documentary
211219_2.jpg,Documentary
114500_2.jpg,Documentary
441758_2.jpg,Documentary
238015_1.jpg,Documentary
235327_2.jpg,Documentary
413845_2.jpg,Documentary
84597_0.jpg,Documentary
108002_0.jpg,Biography
109021_0.jpg,Biography
109450_0.jpg,Biography
119934_0.jpg,Biography
120659_0.jpg,Biography
174856_0.jpg,Biography
179218_0.jpg,Biography
179218_1.jpg,Biography
179218_2.jpg,Biography
210945_0.jpg,Biography
218043_0.jpg,Biography
218043_1.jpg,Biography
218043_2.jpg,Biography
248667_0.jpg,Biography
316465_0.jpg,Biography
352248_0.jpg,Biography
355702_0.jpg,Biography
393162_0.jpg,Biography
40142_0.jpg,Biography
68315_0.jpg,Biography
69824_0.jpg,Biography
96409_0.jpg,Biography
120899_0.jpg,Biography
108323_2.jpg,Biography
179218_1.jpg,Biography
120094_0.jpg,Biography
48729_0.jpg,Biography
248667_0.jpg,Biography
67372_0.jpg,Biography
59245_0.jpg,Biography
200849_0.jpg,Biography
111271_0.jpg,Biography
53946_0.jpg,Biography
292508_0.jpg,Biography
65547_0.jpg,Biography
393162_0.jpg,Biography
51887_1.jpg,Biography
342172_2.jpg,Biography
109707_0.jpg,Biography
113987_0.jpg,Biography
323551_1.jpg,Biography
96316_0.jpg,Biography
390538_0.jpg,Biography
109382_0.jpg,Biography
108328_0.jpg,Biography
105839_1.jpg,Biography
85218_0.jpg,Biography
352248_0.jpg,Biography
99077_0.jpg,Biography
109381_0.jpg,Biography
441758_1.jpg,Biography
120788_0.jpg,Biography
317648_1.jpg,Biography
106810_0.jpg,Biography
290538_2.jpg,Biography
110932_0.jpg,Biography
342172_1.jpg,Biography
73109_0.jpg,Biography
99669_0.jpg,Biography
35575_0.jpg,Biography
312549_0.jpg,Biography
79368_0.jpg,Biography
355702_0.jpg,Biography
144801_1.jpg,Biography
113125_2.jpg,Biography
236216_2.jpg,Biography
89420_0.jpg,Biography
107756_0.jpg,Biography
282856_0.jpg,Biography
70666_0.jpg,Biography
303353_0.jpg,Biography
34167_0.jpg,Biography
48316_0.jpg,Biography
83967_0.jpg,Biography
161860_0.jpg,Biography
40142_0.jpg,Biography
230512_2.jpg,Biography
89755_0.jpg,Biography
221027_0.jpg,Biography
402406_2.jpg,Biography
119951_0.jpg,Biography
350258_0.jpg,Biography
71544_0.jpg,Biography
221023_1.jpg,Biography
267563_0.jpg,Biography
114938_1.jpg,Biography
114702_0.jpg,Biography
120679_0.jpg,Biography
103285_2.jpg,Biography
197544_1.jpg,Biography
63227_0.jpg,Biography
114287_0.jpg,Biography
99266_1.jpg,Biography
64115_0.jpg,Biography
282856_1.jpg,Biography
291032_0.jpg,Biography
348862_1.jpg,Biography
50468_0.jpg,Biography
103939_0.jpg,Biography
132477_0.jpg,Biography
197544_2.jpg,Biography
73114_0.jpg,Biography
192335_1.jpg,Biography
250934_0.jpg,Biography
88275_1.jpg,Biography
311320_2.jpg,Biography
317887_0.jpg,Biography
247196_0.jpg,Biography
236008_0.jpg,Biography
35211_0.jpg,Biography
23374_0.jpg,Biography
48947_0.jpg,Biography
114287_2.jpg,Biography
113283_0.jpg,Biography
144801_0.jpg,Biography
113973_1.jpg,Biography
78850_0.jpg,Biography
65593_0.jpg,Biography
99242_0.jpg,Biography
335119_0.jpg,Biography
66993_0.jpg,Biography
113283_2.jpg,Biography
200849_1.jpg,Biography
84897_0.jpg,Biography
74896_0.jpg,Biography
277941_2.jpg,Biography
168122_0.jpg,Biography
230512_2.jpg,Music
45464_2.jpg,Music
304081_2.jpg,Music
343121_0.jpg,Music
377471_0.jpg,Music
58182_0.jpg,Music
236348_1.jpg,Music
61610_0.jpg,Music
436724_1.jpg,Music
361467_2.jpg,Music
113610_0.jpg,Music
102370_1.jpg,Music
94321_2.jpg,Music
93996_2.jpg,Music
120728_0.jpg,Music
106500_0.jpg,Music
97858_1.jpg,Music
117028_1.jpg,Music
36094_2.jpg,Music
36094_1.jpg,Music
82661_0.jpg,Music
156887_1.jpg,Music
58604_0.jpg,Music
84648_0.jpg,Music
76666_0.jpg,Music
402406_2.jpg,Music
141986_2.jpg,Music
377471_1.jpg,Music
88286_2.jpg,Music
88286_1.jpg,Music
46874_0.jpg,Music
138563_2.jpg,Music
82009_0.jpg,Music
107384_0.jpg,Music
411705_0.jpg,Music
182000_0.jpg,Music
33723_0.jpg,Music
89208_1.jpg,Music
380275_1.jpg,Music
65687_1.jpg,Music
113610_2.jpg,Music
120539_1.jpg,Music
236348_2.jpg,Music
284067_0.jpg,Music
78446_0.jpg,Music
109381_2.jpg,Music
116745_0.jpg,Music
55852_0.jpg,Music
281376_0.jpg,Music
365957_0.jpg,Music
65687_2.jpg,Music
238112_0.jpg,Music
441758_2.jpg,Music
95037_0.jpg,Music
74235_0.jpg,Music
102014_0.jpg,Music
210299_0.jpg,Music
113973_0.jpg,Music
90636_0.jpg,Music
230512_1.jpg,Music
27980_0.jpg,Music
65687_0.jpg,Music
120094_0.jpg,Music
387412_2.jpg,Music
87596_0.jpg,Music
93415_0.jpg,Music
94980_1.jpg,Music
27980_2.jpg,Music
63808_0.jpg,Music
165859_0.jpg,Music
97728_1.jpg,Music
61610_2.jpg,Music
116692_0.jpg,Music
79822_0.jpg,Music
108525_1.jpg,Music
120185_1.jpg,Music
90110_0.jpg,Music
116442_0.jpg,Music
206917_0.jpg,Music
101891_0.jpg,Music
78446_1.jpg,Music
40664_0.jpg,Music
85809_0.jpg,Music
134630_0.jpg,Music
276033_1.jpg,Music
61610_1.jpg,Music
96928_1.jpg,Music
210616_0.jpg,Music
41604_1.jpg,Music
109045_2.jpg,Music
158371_0.jpg,Music
96328_2.jpg,Music
97728_2.jpg,Music
120014_2.jpg,Music
97262_0.jpg,Music
76451_0.jpg,Music
24747_0.jpg,Music
89208_2.jpg,Music
79826_0.jpg,Music
41604_2.jpg,Music
343121_2.jpg,Music
120219_0.jpg,Music
80913_0.jpg,Music
45464_0.jpg,Music
82226_2.jpg,Music
149151_0.jpg,Music
382330_0.jpg,Music
197544_1.jpg,Music
441758_0.jpg,Music
114354_0.jpg,Music
310281_0.jpg,Music
79815_0.jpg,Music
85297_0.jpg,Music
162710_1.jpg,Music
387412_0.jpg,Music
396705_1.jpg,Music
81441_0.jpg,Music
138563_0.jpg,Music
96180_0.jpg,Music
120219_1.jpg,Music
120888_2.jpg,Music
40664_2.jpg,Music
27980_1.jpg,Music
53146_0.jpg,Music
64689_1.jpg,Music
166943_0.jpg,Music
84171_2.jpg,Music
131704_2.jpg,Animation
317705_2.jpg,Animation
106364_2.jpg,Animation
129167_1.jpg,Animation
79833_2.jpg,Animation
76363_0.jpg,Animation
270933_0.jpg,Animation
95715_2.jpg,Animation
265632_2.jpg,Animation
314063_1.jpg,Animation
31397_0.jpg,Animation
82509_2.jpg,Animation
115641_1.jpg,Animation
104254_1.jpg,Animation
62687_1.jpg,Animation
66817_2.jpg,Animation
61369_2.jpg,Animation
72901_1.jpg,Animation
173840_2.jpg,Animation
337711_0.jpg,Animation
53285_0.jpg,Animation
120913_0.jpg,Animation
119273_0.jpg,Animation
63819_2.jpg,Animation
407121_1.jpg,Animation
108598_2.jpg,Animation
119282_2.jpg,Animation
318403_2.jpg,Animation
275230_0.jpg,Animation
403703_2.jpg,Animation
266543_0.jpg,Animation
55254_0.jpg,Animation
181739_0.jpg,Animation
76538_2.jpg,Animation
351167_1.jpg,Animation
187819_2.jpg,Animation
90667_2.jpg,Animation
275277_1.jpg,Animation
298388_0.jpg,Animation
206367_0.jpg,Animation
108069_1.jpg,Animation
72901_0.jpg,Animation
350194_1.jpg,Animation
97814_0.jpg,Animation
230011_1.jpg,Animation
318155_1.jpg,Animation
328832_1.jpg,Animation
65421_1.jpg,Animation
338348_0.jpg,Animation
110357_0.jpg,Animation
266543_2.jpg,Animation
55254_1.jpg,Animation
314166_0.jpg,Animation
317705_0.jpg,Animation
318155_2.jpg,Animation
271263_0.jpg,Animation
403703_0.jpg,Animation
275230_1.jpg,Animation
193253_0.jpg,Animation
111419_1.jpg,Animation
382734_0.jpg,Animation
106364_0.jpg,Animation
109791_0.jpg,Animation
59026_2.jpg,Animation
70608_2.jpg,Animation
213203_0.jpg,Animation
345950_1.jpg,Animation
96438_2.jpg,Animation
66817_0.jpg,Animation
116583_0.jpg,Animation
84503_0.jpg,Animation
206013_0.jpg,Animation
358082_2.jpg,Animation
112389_1.jpg,Animation
113234_1.jpg,Animation
401233_0.jpg,Animation
90667_1.jpg,Animation
104740_0.jpg,Animation
33563_0.jpg,Animation
92067_1.jpg,Animation
126029_0.jpg,Animation
250440_1.jpg,Animation
280030_1.jpg,Animation
76929_1.jpg,Animation
156887_1.jpg,Animation
100339_0.jpg,Animation
356634_1.jpg,Animation
228687_0.jpg,Animation
347791_0.jpg,Animation
84315_2.jpg,Animation
53285_1.jpg,Animation
289408_2.jpg,Animation
298388_1.jpg,Animation
130623_1.jpg,Animation
268380_2.jpg,Animation
78480_0.jpg,Animation
272045_2.jpg,Animation
76929_0.jpg,Animation
87544_1.jpg,Animation
74121_2.jpg,Animation
93066_1.jpg,Animation
120910_2.jpg,Animation
350194_0.jpg,Animation
76538_1.jpg,Animation
187819_1.jpg,Animation
313487_1.jpg,Animation
208185_0.jpg,Animation
93066_2.jpg,Animation
84315_1.jpg,Animation
106364_1.jpg,Animation
74121_1.jpg,Animation
114148_0.jpg,Animation
93207_0.jpg,Animation
57093_0.jpg,Animation
213203_2.jpg,Animation
328880_0.jpg,Animation
314166_1.jpg,Animation
42332_2.jpg,Animation
110008_0.jpg,Animation
119273_1.jpg,Animation
133240_2.jpg,Animation
166813_1.jpg,Animation
213203_1.jpg,Animation
86489_0.jpg,Animation
82509_1.jpg,Animation
96283_2.jpg,Animation
129167_0.jpg,Animation
28772_0.jpg,Musical
28772_1.jpg,Musical
28772_2.jpg,Musical
420332_0.jpg,Musical
64418_1.jpg,Musical
168475_0.jpg,Musical
83067_2.jpg,Musical
44685_1.jpg,Musical
356999_0.jpg,Musical
45152_2.jpg,Musical
58182_2.jpg,Musical
24083_0.jpg,Musical
27527_1.jpg,Musical
48216_0.jpg,Musical
84021_0.jpg,Musical
41716_2.jpg,Musical
33766_2.jpg,Musical
24034_2.jpg,Musical
28772_2.jpg,Musical
53848_2.jpg,Musical
60438_0.jpg,Musical
67992_0.jpg,Musical
70016_1.jpg,Musical
56262_0.jpg,Musical
41158_0.jpg,Musical
33436_1.jpg,Musical
47688_0.jpg,Musical
61439_1.jpg,Musical
182295_1.jpg,Musical
24166_2.jpg,Musical
325352_2.jpg,Musical
48401_1.jpg,Musical
80752_0.jpg,Musical
36432_0.jpg,Musical
27387_0.jpg,Musical
188128_0.jpg,Musical
61791_0.jpg,Musical
102982_2.jpg,Musical
60438_1.jpg,Musical
56860_1.jpg,Musical
43618_2.jpg,Musical
99329_0.jpg,Musical
37514_2.jpg,Musical
49055_0.jpg,Musical
38589_0.jpg,Musical
80492_2.jpg,Musical
80752_1.jpg,Musical
49314_1.jpg,Musical
46807_2.jpg,Musical
168629_0.jpg,Musical
97858_2.jpg,Musical
86619_0.jpg,Musical
113026_2.jpg,Musical
43983_2.jpg,Musical
58440_1.jpg,Musical
61439_2.jpg,Musical
51516_0.jpg,Musical
271263_1.jpg,Musical
24166_0.jpg,Musical
92608_2.jpg,Musical
102982_1.jpg,Musical
33436_2.jpg,Musical
56262_2.jpg,Musical
47673_0.jpg,Musical
33766_0.jpg,Musical
58708_1.jpg,Musical
35575_0.jpg,Musical
33388_2.jpg,Musical
49408_0.jpg,Musical
20640_0.jpg,Musical
58708_2.jpg,Musical
63049_1.jpg,Musical
47574_0.jpg,Musical
34862_0.jpg,Musical
102982_0.jpg,Musical
34746_1.jpg,Musical
61791_1.jpg,Musical
58440_0.jpg,Musical
45323_0.jpg,Musical
83642_0.jpg,Musical
44685_0.jpg,Musical
42200_1.jpg,Musical
271263_0.jpg,Musical
83067_0.jpg,Musical
84504_1.jpg,Musical
42447_2.jpg,Musical
49314_0.jpg,Musical
63385_0.jpg,Musical
41509_0.jpg,Musical
93402_0.jpg,Musical
28216_0.jpg,Musical
54022_0.jpg,Musical
99329_2.jpg,Musical
27125_0.jpg,Musical
27125_2.jpg,Musical
45963_2.jpg,Musical
46998_0.jpg,Musical
56860_2.jpg,Musical
86999_0.jpg,Musical
299658_1.jpg,Musical
43618_0.jpg,Musical
21818_0.jpg,Musical
361411_0.jpg,Musical
29546_2.jpg,Musical
42447_0.jpg,Musical
43012_1.jpg,Musical
62974_0.jpg,Musical
42447_1.jpg,Musical
64418_2.jpg,Musical
79261_0.jpg,Musical
45192_0.jpg,Musical
59287_0.jpg,Musical
56023_1.jpg,Musical
28772_0.jpg,Musical
86112_2.jpg,Musical
93402_2.jpg,Musical
59255_0.jpg,Musical
113026_1.jpg,Musical
84728_0.jpg,Musical
45152_1.jpg,Musical
119828_0.jpg,Musical
45591_1.jpg,Musical
238936_2.jpg,Musical
64418_0.jpg,Musical
52225_0.jpg,Musical
403537_1.jpg,Musical
115819_1.jpg,Musical
329575_0.jpg,History
354595_0.jpg,History
389326_0.jpg,History
389326_1.jpg,History
389326_2.jpg,History
95082_0.jpg,History
86251_0.jpg,History
181833_0.jpg,History
53946_0.jpg,History
162866_0.jpg,History
119683_0.jpg,History
104046_0.jpg,History
110892_0.jpg,History
299977_1.jpg,History
24548_0.jpg,History
35799_2.jpg,History
64645_0.jpg,History
105764_1.jpg,History
51561_0.jpg,History
107146_0.jpg,History
83789_0.jpg,History
83591_0.jpg,History
46435_0.jpg,History
46247_0.jpg,History
72021_1.jpg,History
119629_0.jpg,History
116192_0.jpg,History
53351_0.jpg,History
109454_0.jpg,History
104504_1.jpg,History
118540_2.jpg,History
73012_0.jpg,History
260054_1.jpg,History
82226_1.jpg,History
58886_0.jpg,History
116860_0.jpg,History
88275_1.jpg,History
64689_2.jpg,History
90015_2.jpg,History
264578_0.jpg,History
31252_0.jpg,History
34167_0.jpg,History
90015_1.jpg,History
75520_0.jpg,History
185906_0.jpg,History
73114_0.jpg,History
58715_0.jpg,History
82226_0.jpg,History
96486_2.jpg,History
323944_0.jpg,History
260054_2.jpg,History
102288_0.jpg,History
389326_0.jpg,History
112654_0.jpg,History
119561_1.jpg,History
264578_1.jpg,History
69824_0.jpg,History
377031_0.jpg,History
64030_0.jpg,History
105601_2.jpg,History
110932_0.jpg,History
106936_2.jpg,History
104181_0.jpg,History
36152_2.jpg,History
88275_2.jpg,History
346293_0.jpg,History
12532_0.jpg,History
106335_0.jpg,History
94897_2.jpg,History
119561_2.jpg,History
73639_2.jpg,History
250934_0.jpg,History
82810_0.jpg,History
119815_0.jpg,History
239234_0.jpg,History
96486_0.jpg,History
337824_0.jpg,History
101529_0.jpg,History
114728_2.jpg,History
118698_0.jpg,History
104504_0.jpg,History
117028_1.jpg,History
106936_1.jpg,History
19254_0.jpg,History
214730_0.jpg,History
145503_0.jpg,History
82226_2.jpg,History
27948_0.jpg,History
40491_0.jpg,History
96486_1.jpg,History
53115_0.jpg,History
114728_0.jpg,History
338751_0.jpg,History
64689_0.jpg,History
214730_1.jpg,History
354595_0.jpg,History
43949_0.jpg,History
112654_1.jpg,History
389326_2.jpg,History
90015_0.jpg,History
117028_2.jpg,History
264578_2.jpg,History
15648_0.jpg,History
210389_0.jpg,History
64689_1.jpg,History
248912_2.jpg,History
86312_0.jpg,History
63227_0.jpg,History
81751_1.jpg,History
112384_0.jpg,History
48947_0.jpg,History
246765_0.jpg,History
100196_0.jpg,History
125507_0.jpg,History
379225_2.jpg,History
349825_0.jpg,History
35799_1.jpg,History
114287_2.jpg,History
55233_0.jpg,History
146309_0.jpg,History
112651_1.jpg,History
372279_1.jpg,History
303297_1.jpg,History
74119_0.jpg,History
373389_2.jpg,History
59245_0.jpg,History
248912_1.jpg,History
35799_0.jpg,War
234288_0.jpg,War
114787_0.jpg,War
25913_1.jpg,War
86955_0.jpg,War
162625_0.jpg,War
59885_1.jpg,War
87980_0.jpg,War
59418_2.jpg,War
22879_0.jpg,War
97570_0.jpg,War
91278_1.jpg,War
304267_0.jpg,War
31398_0.jpg,War
170705_0.jpg,War
260414_0.jpg,War
298131_0.jpg,War
174852_1.jpg,War
141926_1.jpg,War
311320_0.jpg,War
35279_0.jpg,War
48752_0.jpg,War
62886_0.jpg,War
25913_2.jpg,War
34746_0.jpg,War
56062_0.jpg,War
93058_0.jpg,War
71544_1.jpg,War
37462_0.jpg,War
43041_0.jpg,War
41163_0.jpg,War
101025_0.jpg,War
67140_1.jpg,War
54890_0.jpg,War
90015_0.jpg,War
94792_0.jpg,War
117999_0.jpg,War
28950_0.jpg,War
114279_0.jpg,War
99673_0.jpg,War
65134_0.jpg,War
36152_0.jpg,War
71544_0.jpg,War
88213_0.jpg,War
53183_0.jpg,War
181786_0.jpg,War
86969_0.jpg,War
95774_1.jpg,War
35799_1.jpg,War
113720_0.jpg,War
181786_1.jpg,War
117117_0.jpg,War
49233_0.jpg,War
41841_0.jpg,War
62790_0.jpg,War
248912_1.jpg,War
30044_0.jpg,War
67458_0.jpg,War
110322_0.jpg,War
80979_0.jpg,War
53114_0.jpg,War
119561_1.jpg,War
216625_0.jpg,War
49474_0.jpg,War
25423_1.jpg,War
37366_0.jpg,War
58947_0.jpg,War
283431_0.jpg,War
73312_1.jpg,War
90015_2.jpg,War
120271_0.jpg,War
42209_0.jpg,War
280491_0.jpg,War
94716_2.jpg,War
91278_2.jpg,War
23876_0.jpg,War
26104_0.jpg,War
75784_0.jpg,War
66471_0.jpg,War
48380_0.jpg,War
4972_0.jpg,War
120490_0.jpg,War
65528_0.jpg,War
62673_0.jpg,War
65969_0.jpg,War
92593_0.jpg,War
25913_0.jpg,War
252223_1.jpg,War
57879_0.jpg,War
94716_1.jpg,War
244479_0.jpg,War
45659_0.jpg,War
110123_0.jpg,War
35530_0.jpg,War
90215_0.jpg,War
311356_2.jpg,War
94716_0.jpg,War
77572_0.jpg,War
35799_2.jpg,War
210717_0.jpg,War
104403_0.jpg,War
246266_0.jpg,War
36152_1.jpg,War
95774_2.jpg,War
35957_0.jpg,War
31612_0.jpg,War
65207_1.jpg,War
74447_0.jpg,War
35446_1.jpg,War
34746_1.jpg,War
47956_0.jpg,War
117093_0.jpg,War
311356_0.jpg,War
42209_1.jpg,War
31398_1.jpg,War
104810_1.jpg,War
58777_0.jpg,War
94594_0.jpg,War
73312_0.jpg,War
120857_0.jpg,War
35446_2.jpg,War
311320_2.jpg,War
73650_0.jpg,War
65134_1.jpg,War
56905_0.jpg,War
43461_0.jpg,War
80437_0.jpg,War
101524_0.jpg,Sport
102202_0.jpg,Sport
102202_1.jpg,Sport
102202_2.jpg,Sport
102517_0.jpg,Sport
102517_1.jpg,Sport
102517_2.jpg,Sport
103036_0.jpg,Sport
104670_0.jpg,Sport
104670_1.jpg,Sport
104670_2.jpg,Sport
104926_0.jpg,Sport
104926_1.jpg,Sport
104926_2.jpg,Sport
105824_0.jpg,Sport
107889_0.jpg,Sport
108002_0.jpg,Sport
109021_0.jpg,Sport
109067_0.jpg,Sport
109067_1.jpg,Sport
109067_2.jpg,Sport
109305_0.jpg,Sport
109450_0.jpg,Sport
109729_0.jpg,Sport
109729_1.jpg,Sport
109729_2.jpg,Sport
111094_0.jpg,Sport
112536_0.jpg,Sport
112536_1.jpg,Sport
112536_2.jpg,Sport
115851_0.jpg,Sport
115851_1.jpg,Sport
115851_2.jpg,Sport
116165_0.jpg,Sport
116165_1.jpg,Sport
116165_2.jpg,Sport
116168_0.jpg,Sport
116168_1.jpg,Sport
116168_2.jpg,Sport
116767_0.jpg,Sport
116778_0.jpg,Sport
116778_1.jpg,Sport
116778_2.jpg,Sport
117677_0.jpg,Sport
117677_1.jpg,Sport
117677_2.jpg,Sport
117784_0.jpg,Sport
118147_0.jpg,Sport
118147_1.jpg,Sport
118147_2.jpg,Sport
118764_0.jpg,Sport
119934_0.jpg,Sport
120484_0.jpg,Sport
120484_1.jpg,Sport
120484_2.jpg,Sport
120659_0.jpg,Sport
120742_0.jpg,Sport
120742_1.jpg,Sport
120742_2.jpg,Sport
120765_0.jpg,Sport
120767_0.jpg,Sport
126916_0.jpg,Sport
131857_0.jpg,Sport
131857_1.jpg,Sport
131857_2.jpg,Sport
132245_0.jpg,Sport
134618_0.jpg,Sport
140282_0.jpg,Sport
140796_0.jpg,Sport
140796_1.jpg,Sport
140796_2.jpg,Sport
146838_0.jpg,Sport
156460_0.jpg,Sport
15841_0.jpg,Sport
15841_1.jpg,Sport
15841_2.jpg,Sport
165384_0.jpg,Sport
165384_1.jpg,Sport
165384_2.jpg,Sport
174856_0.jpg,Sport
179218_0.jpg,Sport
179218_1.jpg,Sport
179218_2.jpg,Sport
180734_0.jpg,Sport
181733_0.jpg,Sport
18328_0.jpg,Sport
191397_0.jpg,Sport
191397_1.jpg,Sport
191397_2.jpg,Sport
193854_0.jpg,Sport
196857_0.jpg,Sport
199725_0.jpg,Sport
201840_0.jpg,Sport
201840_1.jpg,Sport
201840_2.jpg,Sport
204946_0.jpg,Sport
204946_1.jpg,Sport
204946_2.jpg,Sport
206113_0.jpg,Sport
210075_0.jpg,Sport
210945_0.jpg,Sport
217756_0.jpg,Sport
217756_1.jpg,Sport
217756_2.jpg,Sport
218043_0.jpg,Sport
218043_1.jpg,Sport
218043_2.jpg,Sport
245280_0.jpg,Sport
245280_1.jpg,Sport
245280_2.jpg,Sport
246894_0.jpg,Sport
246894_1.jpg,Sport
246894_2.jpg,Sport
248667_0.jpg,Sport
253798_0.jpg,Sport
253798_1.jpg,Sport
253798_2.jpg,Sport
260695_0.jpg,Sport
261552_0.jpg,Sport
261552_1.jpg,Sport
261552_2.jpg,Sport
262462_0.jpg,Sport
263957_0.jpg,Sport
265662_0.jpg,Sport
271211_0.jpg,Sport
271211_1.jpg,Sport
271211_2.jpg,Sport
101524_0.jpg,Sport
102202_0.jpg,Sport
102202_1.jpg,Sport
102202_2.jpg,Sport
102517_0.jpg,Sport
102517_1.jpg,Sport
102517_2.jpg,Sport
103036_0.jpg,Sport
104670_0.jpg,Sport
104670_1.jpg,Sport
104670_2.jpg,Sport
104926_0.jpg,Sport
104926_1.jpg,Sport
104926_2.jpg,Sport
105824_0.jpg,Sport
107889_0.jpg,Sport
108002_0.jpg,Sport
109021_0.jpg,Sport
109067_0.jpg,Sport
109067_1.jpg,Sport
109067_2.jpg,Sport
109305_0.jpg,Sport
109450_0.jpg,Sport
109729_0.jpg,Sport
109729_1.jpg,Sport
109729_2.jpg,Sport
111094_0.jpg,Sport
112536_0.jpg,Sport
112536_1.jpg,Sport
112536_2.jpg,Sport
115851_0.jpg,Sport
115851_1.jpg,Sport
115851_2.jpg,Sport
116165_0.jpg,Sport
116165_1.jpg,Sport
116165_2.jpg,Sport
116168_0.jpg,Sport
116168_1.jpg,Sport
116168_2.jpg,Sport
116767_0.jpg,Sport
116778_0.jpg,Sport
116778_1.jpg,Sport
116778_2.jpg,Sport
117677_0.jpg,Sport
117677_1.jpg,Sport
117677_2.jpg,Sport
117784_0.jpg,Sport
118147_0.jpg,Sport
118147_1.jpg,Sport
118147_2.jpg,Sport
118764_0.jpg,Sport
119934_0.jpg,Sport
120484_0.jpg,Sport
120484_1.jpg,Sport
120484_2.jpg,Sport
120659_0.jpg,Sport
120742_0.jpg,Sport
120742_1.jpg,Sport
120742_2.jpg,Sport
120765_0.jpg,Sport
120767_0.jpg,Sport
126916_0.jpg,Sport
131857_0.jpg,Sport
131857_1.jpg,Sport
131857_2.jpg,Sport
132245_0.jpg,Sport
134618_0.jpg,Sport
140282_0.jpg,Sport
140796_0.jpg,Sport
140796_1.jpg,Sport
140796_2.jpg,Sport
146838_0.jpg,Sport
156460_0.jpg,Sport
15841_0.jpg,Sport
15841_1.jpg,Sport
15841_2.jpg,Sport
165384_0.jpg,Sport
165384_1.jpg,Sport
165384_2.jpg,Sport
174856_0.jpg,Sport
179218_0.jpg,Sport
179218_1.jpg,Sport
179218_2.jpg,Sport
180734_0.jpg,Sport
181733_0.jpg,Sport
18328_0.jpg,Sport
191397_0.jpg,Sport
191397_1.jpg,Sport
191397_2.jpg,Sport
193854_0.jpg,Sport
196857_0.jpg,Sport
199725_0.jpg,Sport
201840_0.jpg,Sport
201840_1.jpg,Sport
201840_2.jpg,Sport
204946_0.jpg,Sport
204946_1.jpg,Sport
204946_2.jpg,Sport
206113_0.jpg,Sport
210075_0.jpg,Sport
210945_0.jpg,Sport
217756_0.jpg,Sport
217756_1.jpg,Sport
217756_2.jpg,Sport
218043_0.jpg,Sport
218043_1.jpg,Sport
218043_2.jpg,Sport
245280_0.jpg,Sport
245280_1.jpg,Sport
245280_2.jpg,Sport
246894_0.jpg,Sport
246894_1.jpg,Sport
246894_2.jpg,Sport
248667_0.jpg,Sport
253798_0.jpg,Sport
253798_1.jpg,Sport
253798_2.jpg,Sport
260695_0.jpg,Sport
261552_0.jpg,Sport
261552_1.jpg,Sport
261552_2.jpg,Sport
262462_0.jpg,Sport
263957_0.jpg,Sport
265662_0.jpg,Sport
271211_0.jpg,Sport
271211_1.jpg,Sport
271211_2.jpg,Sport
273982_0.jpg,Sport
277895_0.jpg,Sport
28772_0.jpg,Sport
28772_1.jpg,Sport
28772_2.jpg,Sport
300532_0.jpg,Sport
308508_0.jpg,Sport
308508_1.jpg,Sport
308508_2.jpg,Sport
316465_0.jpg,Sport
329575_0.jpg,Sport
334965_0.jpg,Sport
334965_1.jpg,Sport
334965_2.jpg,Sport
337879_0.jpg,Sport
338077_0.jpg,Sport
338077_1.jpg,Sport
338077_2.jpg,Sport
352248_0.jpg,Sport
354595_0.jpg,Sport
355702_0.jpg,Sport
360201_0.jpg,Sport
360201_1.jpg,Sport
360201_2.jpg,Sport
364725_0.jpg,Sport
364725_1.jpg,Sport
364725_2.jpg,Sport
37120_0.jpg,Sport
384488_0.jpg,Sport
385705_0.jpg,Sport
389326_0.jpg,Sport
389326_1.jpg,Sport
389326_2.jpg,Sport
390022_0.jpg,Sport
39204_0.jpg,Sport
393162_0.jpg,Sport
398165_0.jpg,Sport
398165_1.jpg,Sport
398165_2.jpg,Sport
40142_0.jpg,Sport
405159_0.jpg,Sport
41514_0.jpg,Sport
41514_1.jpg,Sport
41514_2.jpg,Sport
41859_0.jpg,Sport
41859_1.jpg,Sport
41859_2.jpg,Sport
45012_0.jpg,Sport
45012_1.jpg,Sport
45012_2.jpg,Sport
49291_0.jpg,Sport
54248_0.jpg,Sport
57578_0.jpg,Sport
60472_0.jpg,Sport
64603_0.jpg,Sport
64603_1.jpg,Sport
64603_2.jpg,Sport
65797_0.jpg,Sport
67527_0.jpg,Sport
67527_1.jpg,Sport
67527_2.jpg,Sport
68315_0.jpg,Sport
68364_0.jpg,Sport
68364_1.jpg,Sport
68364_2.jpg,Sport
73631_0.jpg,Sport
73631_1.jpg,Sport
73631_2.jpg,Sport
74599_0.jpg,Sport
74599_1.jpg,Sport
74599_2.jpg,Sport
75148_0.jpg,Sport
76578_0.jpg,Sport
76578_1.jpg,Sport
76578_2.jpg,Sport
76723_0.jpg,Sport
79709_0.jpg,Sport
79817_0.jpg,Sport
80487_0.jpg,Sport
80487_1.jpg,Sport
80487_2.jpg,Sport
82136_0.jpg,Sport
82136_1.jpg,Sport
82136_2.jpg,Sport
83284_0.jpg,Sport
83580_0.jpg,Sport
83580_1.jpg,Sport
83580_2.jpg,Sport
84602_0.jpg,Sport
84690_0.jpg,Sport
85154_0.jpg,Sport
87425_0.jpg,Sport
87425_1.jpg,Sport
87425_2.jpg,Sport
87781_0.jpg,Sport
90270_0.jpg,Sport
90685_0.jpg,Sport
90685_1.jpg,Sport
90685_2.jpg,Sport
91217_0.jpg,Sport
92214_0.jpg,Sport
92214_1.jpg,Sport
92214_2.jpg,Sport
92272_0.jpg,Sport
93692_0.jpg,Sport
94812_0.jpg,Sport
94812_1.jpg,Sport
94812_2.jpg,Sport
94824_0.jpg,Sport
94824_1.jpg,Sport
94824_2.jpg,Sport
95082_0.jpg,Sport
95119_0.jpg,Sport
95250_0.jpg,Sport
96171_0.jpg,Sport
96913_0.jpg,Sport
97659_0.jpg,Sport
97659_1.jpg,Sport
97659_2.jpg,Sport
97815_0.jpg,Sport
97815_1.jpg,Sport
97815_2.jpg,Sport
97987_0.jpg,Sport
97987_1.jpg,Sport
97987_2.jpg,Sport
99371_0.jpg,Sport
